-- MySQL Script generated by MySQL Workbench
-- Fri Oct  6 10:43:20 2017
-- Model: New Model    Version: 1.0
-- MySQL Workbench Forward Engineering

SET @OLD_UNIQUE_CHECKS=@@UNIQUE_CHECKS, UNIQUE_CHECKS=0;
SET @OLD_FOREIGN_KEY_CHECKS=@@FOREIGN_KEY_CHECKS, FOREIGN_KEY_CHECKS=0;
SET @OLD_SQL_MODE=@@SQL_MODE, SQL_MODE='TRADITIONAL,ALLOW_INVALID_DATES';

-- -----------------------------------------------------
-- Schema car_test
-- -----------------------------------------------------
DROP SCHEMA IF EXISTS `car_test` ;

-- -----------------------------------------------------
-- Schema car_test
-- -----------------------------------------------------
CREATE SCHEMA IF NOT EXISTS `car_test` DEFAULT CHARACTER SET utf8 ;
USE `car_test` ;

-- -----------------------------------------------------
-- Table `car_test`.`tb_user`
-- -----------------------------------------------------
DROP TABLE IF EXISTS `car_test`.`tb_user` ;

CREATE TABLE IF NOT EXISTS `car_test`.`tb_user` (
  `id` INT NOT NULL AUTO_INCREMENT,
  `username` VARCHAR(45) NOT NULL,
  `email` VARCHAR(45) NULL,
  PRIMARY KEY (`id`))
ENGINE = InnoDB;


-- -----------------------------------------------------
-- Table `car_test`.`tb_car`
-- -----------------------------------------------------
DROP TABLE IF EXISTS `car_test`.`tb_car` ;

CREATE TABLE IF NOT EXISTS `car_test`.`tb_car` (
  `id` INT NOT NULL AUTO_INCREMENT,
  `carname` VARCHAR(45) NULL,
  `carplate` VARCHAR(45) NULL,
  `tb_user_id` INT NULL,
  PRIMARY KEY (`id`),
  INDEX `fk_car_tb_user1_idx` (`tb_user_id` ASC),
  CONSTRAINT `fk_car_tb_user1`
    FOREIGN KEY (`tb_user_id`)
    REFERENCES `car_test`.`tb_user` (`id`)
    ON DELETE NO ACTION
    ON UPDATE NO ACTION)
ENGINE = InnoDB;


-- -----------------------------------------------------
-- Table `car_test`.`tb_info`
-- -----------------------------------------------------
DROP TABLE IF EXISTS `car_test`.`tb_info` ;

CREATE TABLE IF NOT EXISTS `car_test`.`tb_info` (
  `id` INT NOT NULL AUTO_INCREMENT,
  `ireason` VARCHAR(45) NULL,
  `idate` VARCHAR(45) NULL,
  `ipunish` VARCHAR(45) NULL,
  `iprocess` VARCHAR(45) NULL,
  `car_id` INT NULL,
  PRIMARY KEY (`id`),
  INDEX `fk_info_car1_idx` (`car_id` ASC),
  CONSTRAINT `fk_info_car1`
    FOREIGN KEY (`car_id`)
    REFERENCES `car_test`.`tb_car` (`id`)
    ON DELETE NO ACTION
    ON UPDATE NO ACTION)
ENGINE = InnoDB;

--
-- Dumping data for table `tb_user`
--

LOCK TABLES `tb_user` WRITE;
/*!40000 ALTER TABLE `tb_user` DISABLE KEYS */;
INSERT INTO `tb_user` VALUES (1,'炮座',NULL),(2,'局座',NULL),(3,'皮皮虾',NULL),(4,'眼座',NULL);
/*!40000 ALTER TABLE `tb_user` ENABLE KEYS */;
UNLOCK TABLES;

--
-- Dumping data for table `tb_car`
--

LOCK TABLES `tb_car` WRITE;
/*!40000 ALTER TABLE `tb_car` DISABLE KEYS */;
INSERT INTO `tb_car` VALUES (1,NULL,'川A2342',1),(3,NULL,'川A380',2),(4,NULL,'渝A2343',3),(5,NULL,'京A2333',2),(6,NULL,'粤A9999',4);
/*!40000 ALTER TABLE `tb_car` ENABLE KEYS */;
UNLOCK TABLES;

--
-- Dumping data for table `tb_info`
--

LOCK TABLES `tb_info` WRITE;
/*!40000 ALTER TABLE `tb_info` DISABLE KEYS */;
INSERT INTO `tb_info` VALUES (1,'1','2008-8-8','1','1',3),(2,'2','2008-9-3','2','2',3),(3,'改乱码','2009-8-9','搞事','未受理',4),(4,'乱放','2007-8-8','扫地','等待交罚款',1),(5,'车子太贵','2007-8-8','跪搓衣板','已处理',5),(6,'车主太浪','2009-3-3','面壁','未处理',6),(7,'3','2019-2-2','3','3',4),(8,'没道理','1995-4-2','面壁8天','等待处理',1);
/*!40000 ALTER TABLE `tb_info` ENABLE KEYS */;
UNLOCK TABLES;

SET SQL_MODE=@OLD_SQL_MODE;
SET FOREIGN_KEY_CHECKS=@OLD_FOREIGN_KEY_CHECKS;
SET UNIQUE_CHECKS=@OLD_UNIQUE_CHECKS;

